Id,Lop,diem1,diem 2,diem 3,diem 4
1242,a,0.0,5,4,
1233,b,0.1111111111111111,,3,6
1401,c,0.2222222222222222,7,2,
1377,a,0.6666666666666666,6,,6
123,,,4,,
1392,e,0.8888888888888888,3,7,
143,,,6,,
484,b,1.0,9,7,
392,c,1.0,3,,7
730,d,0.7777777777777778,1,5,
255,t,0.8888888888888888,6,4,
1094,a,0.4444444444444444,9,4,4
1021,b,0.6666666666666666,0,3,
1341,c,0.7777777777777778,5,2,1
1341,c,0.7777777777777778,5,2,1
