Id,Lop,diem1,diem 2,diem 3,diem 4
1242,a,-1.890714530590902,5,4,
1233,b,-1.5585619779195274,,3,6
1401,c,-1.2264094252481528,7,2,
1377,a,0.10220078543734598,6,,6
123,,,4,,
1392,e,0.7665058907800953,3,7,
143,,,6,,
484,b,1.09865844345147,9,7,
392,c,1.09865844345147,3,,7
730,d,0.4343533381087207,1,5,
255,t,0.7665058907800953,6,4,
1094,a,-0.5621043199054033,9,4,4
1021,b,0.10220078543734598,0,3,
1341,c,0.4343533381087207,5,2,1
1341,c,0.4343533381087207,5,2,1
